keys,es,en,pt,fr,zh,ja,ru,de,ko,it,pl,ar,qu,binary
INTRO_TITLE,Arrow of Anathema,Arrow of Anathema,Arrow of Anathema,Arrow of Anathema,Arrow of Anathema,Arrow of Anathema,Arrow of Anathema,Arrow of Anathema,Arrow of Anathema,Arrow of Anathema,Arrow of Anathema,Arrow of Anathema,Arrow of Anathema,Arrow of Anathema
INTRO_STORY,"Eryn la campeona del bosque ha sido convocada\nDurante años a ignorado toda solicitud del imperio\nPero esta vez es diferente, su amado hogar está en juego\nTambores de guerra se escuchan a lo lejos…\n\nVesara la despiadada maestra oscura ha reunido una horda\ny se dispone a saquear la mismísima capital del imperio,\nno existe piedad para aquellos que se oponen a sus deseos.\n\nEl hogar de Eryn se considera oculto por la magia del bosque,\npero dicha protección no es nada ante el poder demoniaco\nde la maestra oscura.\n\nSin otra opción mas que cooperar con el imperio, marcha ahora guiando\nLas tropas hacia la frontera, sus arqueras leales también la siguen y\nHan decidido apostarse en la derruida torre del paso de Medea.\n\nSu flecha debe ser certera, el cruce de un solo explorador podría significar\nEsclavitud y derrota.","Eryn, champion of the forest, has been summoned.\nFor years she ignored every request from the empire,\nbut this time is different: her beloved home is at stake.\nWar drums echo in the distance…\n\nVesara, the ruthless dark mistress, has gathered a horde\nand prepares to sack the very capital of the empire;\nthere is no mercy for those who oppose her desires.\n\nEryn's home is believed to be hidden by the forest's magic,\nbut such protection is nothing against the demonic power\nof the dark mistress.\n\nWith no choice but to cooperate with the empire, she now marches,\nguiding troops to the border; her loyal archers follow her\nand have resolved to make their stand at the ruined tower of Medea Pass.\n\nHer arrow must be true; the crossing of a single scout could mean\nslavery and defeat.","Eryn, a campeã da floresta, foi convocada.\nPor anos ela ignorou todos os pedidos do império,\nmas desta vez é diferente: seu amado lar está em jogo.\nTambores de guerra ecoam ao longe…\n\nVesara, a implacável mestra sombria, reuniu uma horda\ne prepara-se para saquear a própria capital do império;\nnão há misericórdia para aqueles que se opõem aos seus desejos.\n\nO lar de Eryn é considerado oculto pela magia da floresta,\nmas tal proteção não é nada diante do poder demoníaco\nda mestra sombria.\n\nSem outra opção a não ser cooperar com o império, ela agora marcha,\nguiando as tropas para a fronteira; suas arqueiras leais também a seguem\ne decidiram se posicionar na torre em ruínas da passagem de Medea.\n\nSua flecha deve ser certeira; a travessia de um único explorador poderia significar\nescravidão e derrota.","Eryn, la championne de la forêt, a été convoquée.\nPendant des années, elle a ignoré chaque requête de l'empire,\nmais cette fois est différente : son cher foyer est en jeu.\nLes tambours de guerre résonnent au loin…\n\nVesara, la impitoyable maîtresse obscure, a rassemblé une horde\net se prépare à piller la capitale même de l'empire ;\nil n'y a pas de pitié pour ceux qui s'opposent à ses désirs.\n\nLe foyer d'Eryn est réputé caché par la magie de la forêt,\nmais une telle protection n'est rien face au pouvoir démoniaque\nde la maîtresse obscure.\n\nSans autre choix que de coopérer avec l'empire, elle marche désormais,\nguidant les troupes vers la frontière ; ses fidèles archères la suivent aussi\net ont décidé de s'abriter dans la tour en ruines du passage de Médée.\n\nSa flèche doit être précise ; le passage d'un seul éclaireur pourrait signifier\nl'esclavage et la défaite.","森林勇士艾琳已被召集。\n多年来她一直无视帝国的请求，\n但这次不同：她所热爱的家园命悬一线。\n远方的战鼓声轰鸣响起…\n\n残酷的黑暗女主维萨拉集结了一支魔物大军，\n正准备洗劫帝国的首都；\n违抗她意志的人绝得不到半点慈悲。\n\n艾琳的家园传闻受到森林魔法的保护，\n但在黑暗女主的恶魔力量面前，这种保护微不足道。\n\n别无选择只能与帝国合作，她如今统领军队迈向国界；\n她忠诚的弓箭手们也随她而来，\n决心驻扎在美狄亚隘口的破败废塔中。\n\n她的箭矢必须精准；哪怕只有一个斥候突破，都意味着\n奴役与溃败。","森の勇者エリンが召集された。\n長年、彼女は帝国の要請を無視し続けてきたが、\n今回は違う。愛する故郷の存亡がかかっているのだ。\n遠くから戦鼓の音が響き渡る…\n\n冷酷なる闇の女主ヴェサラは軍勢を率い、\n帝国の首都を略奪せんと動き出した。\n彼女の望みに抗う者に情けは無用。\n\nエリンの故郷は森の魔法に守られ隠されているとされるが、\n闇の女主の悪魔的威容の前には無力に等しい。\n\n帝国と協力するほかないエリンは今、\n部隊を率いて国境へと行軍する。忠実な弓兵たちも従い、\nメデアの峠の荒れ果てた塔に陣を敷くことを決意した。\n\n彼女の矢は正確でなければならない。たった一人の偵察兵の通過さえも、\n隷属と敗北を意味するのだ。","Эрин, чемпионка леса, была призвана.\nГодами она игнорировала просьбы империи,\nно на этот раз всё иначе: её любимый дом под угрозой.\nВдали эхом отдаются военные барабаны…\n\nВесара, безжалостная тёмная владычица, собрала орду\nи готовится разграбить саму столицу империи;\nнет пощады тем, кто противостоит её желаниям.\n\nДом Эрин считается укрытым магией леса,\nно такая защита ничто перед демонической силой\nтёмной владычицы.\n\nНе имея иного выбора, кроме как сотрудничать с империей, она марширует,\nведя войска к границе; её верные лучницы следуют за ней\nи решили занять позицию в разрушенной башне перевала Медеи.\n\nЕё стрела должна быть точной; переход даже одного разведчика может означать\nрабство и поражение.","Eryn, die Championin des Waldes, wurde zusammengerufen.\nJahrelang ignorierte sie jede Bitte des Reiches,\ndoch diesmal ist es anders: Ihr geliebtes Heim steht auf dem Spiel.\nKriegstrommeln hallen in der Ferne…\n\nVesara, die grausame dunkle Herrin, hat eine Horde versammelt\nund schickt sich an, die Hauptstadt des Reiches zu plündern;\nes gibt keine Gnade für jene, die sich ihren Wünschen widersetzen.\n\nEryns Heimat gilt als von der Magie des Waldes verborgen,\ndoch ein solcher Schutz ist nichts gegen die dämonische Macht\nder dunklen Herrin.\n\nOhne andere Wahl als mit dem Reich zu kooperieren, marschiert sie nun,\nführt die Truppen zur Grenze; ihre loyalen Bogenschützinnen folgen ihr\nund haben beschlossen, sich in dem verfallenen Turm des Medea-Passes zu verschanzen.\n\nIhr Pfeil muss treffsicher sein; das Durchkommen eines einzigen Kundschafters könnte\nSklaverei und Niederlage bedeuten.","에린, 숲의 용사가 소환되었습니다.\n수년 동안 그녀는 제국의 모든 요청을 무시해 왔지만,\n이번은 다릅니다. 사랑하는 고향이 위기에 처했습니다.\n전쟁의 북소리가 먼 곳에서 울려 퍼집니다…\n\n무자비한 어둠의 여주인 베사라는 군대를 모아\n제국의 수도를 약탈하려 합니다;\n그녀의 뜻에 거스르는 자에게 자비란 없습니다.\n\n에린의 고향은 숲의 마법으로 숨겨져 있다고 믿어지지만,\n어둠의 여주인의 악마 같은 힘 앞에서는 아무것도 아닙니다.\n\n제국과 협력할 수밖에 없게 된 그녀는 이제 행군하여\n국경으로 군대를 이끕니다. 그녀의 충성스러운 궁수들도 동행하며\n메데아 고개의 무너진 탑에 진을 치기로 결정했습니다.\n\n그녀의 화살은 정확해야 합니다. 단 한 명의 정찰병이라도 통과하면\n노예화와 패배를 의미할 수 있습니다.","Eryn, la campionessa della foresta, è stata convocata.\nPer anni ha ignorato ogni richiesta dell'impero,\nma questa volta è diverso: la sua amata casa è in gioco.\nI tamburi di guerra risuonano in lontananza…\n\nVesara, la spietata signora oscura, ha radunato un'orda\ne si prepara a saccheggiare la capitale stessa dell'impero;\nnon c'è pietà per coloro che si oppongono ai suoi desideri.\n\nLa casa di Eryn è considerata nascosta dalla magia della foresta,\nma tale protezione non è nulla di fronte al potere demoniaco\ndella signora oscura.\n\nSenza altra scelta se non cooperare con l'impero, ora marcia,\nguidando le truppe verso il confine; anche le sue leali arciere la seguono\ne hanno deciso di appostarsi nella torre diroccata del passo di Medea.\n\nLa sua freccia deve essere precisa; il passaggio di un solo esploratore potrebbe significare\nschiavitù e sconfitta.","Eryn, mistrzyni lasu, została wezwana.\nPrzez lata ignorowała wszelkie prośby imperium,\nale tym razem jest inaczej: jej ukochany dom jest zagrożony.\nBębny wojenne grzmią w oddali…\n\nVesara, bezwzględna mroczna władczyni, zebrała hordę\ni szykuje się do łupienia samej stolicy imperium;\nnie ma litości dla tych, którzy sprzeciwiają się jej woli.\n\nDom Eryn uchodzi za ukryty magią lasu,\nale taka ochrona jest niczym wobec demonicznej mocy\nmrocznej władczyni.\n\nNie mając innego wyboru, jak współpracować z imperium, maszeruje teraz,\nprowadząc wojska ku granicy; jej lojalne łuczniczki podążają za nią\ni postanowiły zająć pozycję w ruinach wieży na przełęczy Medei.\n\nJej strzała musi być celna; przejście choćby jednego zwiadowcy mogłoby oznaczać\nniewolę i klęskę.","تم استدعاء إيرين، بطلة الغابة.\nلسنوات تجاهلت كل طلب من الإمبراطورية،\nلكن هذه المرة مختلفة: وطنها الحبيب على المحك.\nطبول الحرب تتردد أصداؤها في الأفق…\n\nفيسارا، سيدة الظلام القاسية، جمعت حشداً\nوتستعد لنهب عاصمة الإمبراطورية نفسها؛\nلا رحمة لمن يقفون في وجه رغباتها.\n\nوطن إيرين يُعتبر مخفياً بسحر الغابة،\nلكن هذه الحماية لا شيء أمام القوة الشيطانية\nلسيدة الظلام.\n\nدون خيار آخر سوى التعاون مع الإمبراطورية، تسير الآن\nتقود القوات نحو الحدود؛ راميات السهام المخلصات يتبعنها\nوقد قررن التمركز في البرج المهدوم في ممر ميديا.\n\nيجب أن يكون سهمها دقيقاً؛ عبور كشاف واحد قد يعني\nالعبودية والهزيمة.","Eryn, sach'asapa suyu sinchi warmim waqyasqa kasqa.\nWatakunapim impiriopa lliw mañakuyninta qanrasqa,\nichqa kay kutipiqa hukmi: munakuynin wasinmi chaskisqa kasqa.\nAwaq sunqu awqanakuy t'oqyakunam karumanta uyarikun…\n\nVesara yana yachachiq warmim askha awqa runakunata hatarichisqa\nimpiriopa umallan llaqtantapunita suwaytataq wakichikun;\nmanam khuyapayay kanchu paypa munasqanman chantaq runakunapaq.\n\nErynpa wasinqa sach'akunapa layqanwan pakasqam ninkusqa,\nichqa chay waqaychayqa manam imapaschu yana yachachiq warmipa\nsupay kallpanpa ñawpaqinpi.\n\nManam huk munay kanchu impiriowan yanapanakunamantaqa, kunanmi purichkan,\nawqa runakunata suyupa kantunman pusaspa; leal wach'iq warminkunapas qatiykapunku\nMedeapa pasayninpi thunisqa pukarapitaq qhipakuyta rimanakusqaku.\n\nWach'iyninqa chiqapuni kanan; huk qhawaqpa pasayninqa kamachisqa kayman\nwatukusqa kayman ima aparikunman.","01000101 01110010 01111001 01110100 00100000 01100011 01101000 01100001 01101101 01100000 01101001 01101111 01101110"
BTN_SKIP,Saltar,Skip,Pular,Passer,跳过,スキップ,Пропустить,Überspringen,건너뛰기,Salta,Pomiń,تخطي,Pasay,01010011 01001011 01001001 01010001
EMISARIO_NOMBRE,Imp Emisario,Imp Emissary,,,,インプの使者,Имп-Посланник,,,,,,,
DIALOGO_PACIFISTA,"Mi señora Vesara no tiene interés en arrasar esta tierra, solo queremos negociar un paso seguro. Su cooperación será recompensada, ella satisface a los súbditos leales…","My lady Vesara has no interest in ravaging this land, we only wish to negotiate safe passage. Your cooperation will be rewarded, she satisfies loyal subjects…",,,,「我が主ヴェサラはこの地を蹂躙する気はない。安全な通行を交渉したいだけだ。協力すれば報われる、忠実な臣下には恩恵がある…」,"Моя госпожа Весара не заинтересована в разорении этой земли, мы лишь хотим договориться о безопасном проходе. Ваше сотрудничество будет вознаграждено, она щедра к верным подданным…",,,,,,,
RESULTADO_PACIFISTA,"La diplomacia se impuso y la paz se logró sin disparar ninguna flecha… La maestra oscura Vesara triunfó en su campaña y tras haber saqueado ricas ciudades volvió a cruzar el paso de Medea dejando parte de su botín, desde animales de carga hasta prendas de lujo. Al parecer tu hogar dejará de ser una pequeña aldea oculta para convertirse en un próspero punto comercial.","Diplomacy prevailed and peace was achieved without firing a single arrow… The dark mistress Vesara triumphed in her campaign and after sacking rich cities crossed the pass of Medea again, leaving part of her plunder—from pack animals to luxury garments. It seems your home will no longer be a small hidden village but a prosperous trading post.",,,,「外交が勝利し、一本の矢も放たずに平和が達成された…闇の女主ヴェサラは遠征に勝利し、豊かな都市を略奪した後、メデアの峠を再び越えていった。荷馬から高級衣服まで戦利品の一部を残して。あなたの故郷は小さな隠れ村から繁栄する交易拠点へと変わるだろう。」,"Дипломатия восторжествовала, и мир был достигнут без единого выстрела… Тёмная владычица Весара одержала победу в своём походе, и после разграбления богатых городов вновь пересекла перевал Медеи, оставив часть своей добычи — от вьючных животных до роскошных одежд. Похоже, ваш дом перестанет быть маленькой скрытой деревней и станет процветающим торговым пунктом.",,,,,,,
TEXTO_GUERRA,"La paz no es una opción, comenzará la verdadera oleada.","Peace is not an option, the true wave will begin.",,,,「平和は選択肢にない。真の襲撃が始まる。」,"Мир — не вариант, начнётся настоящая волна.",,,,,,,
NIVEL_1_COMPLETADO,¡Nivel 1 completado!,Level 1 complete,,,,レベル1クリア！,Уровень 1 пройден!,,,,,,,
BOTON_CONTINUAR,Continuar,Continue,,,,続ける,Продолжить,,,,,,,
CARTEL_LEVEL_01,Level 01,Level 01,,,,,,,,,,,,
CARTEL_LEVEL_02,Level 02,Level 02,,,,,,,,,,,,
NIVEL5_CONVERSACION_1,"Hey! Tu no pareces pertenecer a la horda, identifícate ahora mismo…","Hey! You don't seem to belong to the horde, identify yourself right now...",,,,,,,,,,,,
NIVEL5_CONVERSACION_2,En efecto no tengo nada que ver con esos vándalos\nMi nombre es Perrena,Indeed I have nothing to do with those vandals\nMy name is Perrena,,,,,,,,,,,,
NIVEL5_CONVERSACION_3,Soy una mercenaria contratada por el gremio de comerciantes\nMe encargaron encontrar alguna ruta segura al oeste y vi esta torre derruida,I'm a mercenary hired by the merchants guild\nThey tasked me with finding a safe route to the west and I saw this ruined tower,,,,,,,,,,,,
NIVEL5_CONVERSACION_4,"Yo soy Eryn la guardiana del bosque\nEste paso ya no es seguro, no sé cuánto podremos resistir a estos ataques constantes","I am Eryn, guardian of the forest\nThis pass is no longer safe, I don't know how long we can withstand these constant attacks",,,,,,,,,,,,
NIVEL5_CONVERSACION_5,"Quizás pueda ayudarte con algo de información, vi que el enemigo se estaba instalando rio arriba cerca del pantano, podríamos acertarles un golpe antes de que fortifiquen la zona y tomar sus pertrechos","Perhaps I can help you with some information, I saw the enemy settling upstream near the swamp, we could strike them before they fortify the area and take their supplies",,,,,,,,,,,,
NIVEL5_CONVERSACION_6,Suena interesante continuemos la conversación en la torre,"Sounds interesting, let's continue this conversation in the tower",,,,,,,,,,,,
NIVEL5_PERRENA_NOMBRE,Perrena,Perrena,,,,,,,,,,,,

INSTR_MOVERSE,Moverse,Move,Mover-se,Se déplacer,移动,移動,Перемещение,Bewegen,이동,Muoversi,Poruszanie się,الحركة,Puriynin,01001101 01101111 01110110 01100101
INSTR_RATON,"Click = Disparo\nMantener = Añade fuerza\nSoltar = Disparo Cargado","Click = Shoot\nHold = Add force\nRelease = Charged Shot","Clique = Disparo\nManter = Adiciona força\nSoltar = Disparo Carregado","Clic = Tir\nMaintenir = Ajoute de la force\nRelâcher = Tir Chargé","点击 = 射击\n按住 = 蓄力\n松开 = 蓄力射击","クリック = 射撃\n長押し = 力の追加\n離す = チャージ射撃","Клик = Выстрел\nУдерживать = Добавить силу\nОтпустить = Заряженный выстрел","Klick = Schuss\nHalten = Kraft hinzufügen\nLoslassen = Aufgeladener Schuss","클릭 = 발사\n길게 누르기 = 힘 추가\n떼기 = 차지 발사","Click = Sparo\nTieni premuto = Aggiungi forza\nRilascia = Colpo Caricato","Kliknięcie = Strzał\nPrzytrzymanie = Dodanie siły\nPuszczenie = Naładowany strzał","النقر = إطلاق النار\nالضغط المطول = زيادة القوة\nالإفلات = إطلاق شحنة","Llapi = T'oqyay\nJap'iy = Kallpachay\nKachariy = Karga T'oqyay","01000011 01101100 01101001 01100011 01101011 00100000 01110011 01101000 01101111 01101100"
PROTAGONISTA_NOMBRE,Eryn,Eryn,Eryn,Eryn,Eryn,Eryn,Eryn,Eryn,Eryn,Eryn,Eryn,Eryn,Eryn,01000101 01110010 01111001 01110100
DIALOGO_PROTA_P1,"Distingo varias siluetas en el horizonte\n¿Quizás refugiados que escapan de la horda?","I spot several silhouettes on the horizon\nPerhaps refugees escaping the horde?","Vejo várias silhuetas no horizonte\nTalvez refugiados escapando da horda?","Aperçois plusieurs silhouettes à l'horizon\nDes réfugiés fuyant la horde?","我看到地平线上有几个影子\n莫非是逃离魔物大军的难民？","地平線にいくつか人影が見える…\n群れから逃げてきた難民だろうか？","Вижу несколько силуэтов на горизонте\nВозможно, беженцы, спасающиеся от орды?","Ich sehe mehrere Silhouetten am Horizont\nVielleicht Flüchtlinge, die vor der Horde fliehen?","지평선에 몇몇 실루엣이 보인다\n혹시 군대를 피해 도망치는 난민들인가?","Vedo diverse silhouette all'orizzonte\nForse rifugiati in fuga dall'orda?","Widzę kilka sylwetek na horyzoncie\nCzy to uchodźcy uciekający przed hordą?","ألمح عدة ظلال في الأفق\nربما لاجئون يهربون من الحشد؟","Hukman llanthukunatam rikuni karupi\n¿Wañuchisqa runakunachus ayqichkanku?","01000100 01101001 01110011 01110100 01101001 01101110 01100111 01101111"
DIALOGO_PROTA_P2,"¡Es un estandarte demoniaco!\nPreparen sus arcos\nNo muestren piedad\nEstos cerdos planean hacernos sus esclavos…","It's a demonic banner!\nReady your bows\nShow no mercy\nThese swine plan to make us their slaves…","É um estandarte demoníaco!\nPreparem seus arcos\nNão mostrem misericórdia\nEsses porcos planejam nos fazer de escravos…","C'est une bannière démoniaque!\nPréparez vos arcs\nSoyez sans pitié\nCes porcs comptent faire de nous leurs esclaves…","是恶魔的旗帜！\n准备弓箭\n绝不手软\n这些蠢猪企图把我们变成奴隶…","悪魔の軍旗だ！\n弓を構えろ\n情けは無用だ\nこの豚共は私達を奴隷にする気だ…","Это демоническое знамя!\nПриготовить луки\nНе 알고 пощады\nЭти свиньи планируют сделать нас рабами…","Es ist ein dämonisches Banner!\nMacht eure Bögen bereit\nZeigt keine Gnade\nDiese Schweine wollen uns zu Sklaven machen…","악마의 깃발이다!\n활을 준비하라\n자비를 베풀지 마라\n이 돼지놈들이 우리를 노예로 만들려 한다…","È un stendardo demoniaco!\nPreparate gli archi\nNessuna pietà\nQuesti maiali vogliono farci loro schiavi…","To demoniczny sztandar!\nSzykować łuki\nNie okazywać litości\nTe świnie chcą uczynić z nas swoich niewolników…","إنه علم شيطاني!\nجهّزوا أقواسكم\nلا ترحموهم\nهؤلاء الخنازير يخططون لاستعبادنا…","¡Supaypa unanchanmi!\nWach'iykichikta allichaychik\nAma khuyapaychikchu\nKay khuchikunam kamachisqa kayta munawanchik…","01000100 01100101 01101101 01101111 01110011 00100000 01100011 01101000 01110101"
DIALOGO_EMISARIO_P1,"Mi señora Vesara no tiene interés en arrasar esta tierra, solo queremos negociar un paso seguro.","My lady Vesara has no interest in ravaging this land, we only wish to negotiate safe passage.","Minha senhora Vesara não tem interesse em devastar esta terra, apenas queremos negociar uma passagem segura.","Ma dame Vesara n'a aucun intérêt à ravager cette terre, nous voulons seulement négocier un passage sûr.","我家维萨拉大人对摧毁这片土地毫无兴趣，我们只想谈判商讨安全通行。","我が主ヴェサラはこの地を荒らすつもりはない。ただ安全な通行を交渉したいだけだ。","Моя госпожа Весара не заинтересована в разорении этой земли, мы лишь хотим договориться о безопасном проходе.","Meine Herrin Vesara hat kein Interesse daran, dieses Land zu verwüsten, wir wollen nur einen sicheren Passieren verhandeln.","나의 베사라 여주인께서는 이 땅을 황폐화하는 데 관심이 없으시며, 우리는 단지 안전한 통행을 협상하고자 합니다.","La mia signora Vesara non ha interesse a devastare questa terra, vogliamo solo negoziare un passaggio sicuro.","Moja pani Vesara nie ma interesu w niszczeniu tej ziemi, chcemy jedynie wynegocjować bezpieczne przejście.","سيدتي فيسارا ليس لديها رغبة في تدمير هذه الأرض، نريد فقط التفاوض على ممر آمن.","Señoray Vesaraqa manam kay hallp'ata thuniyta munanchu, allin pasaytalla rimanakuyta munayku.","01001101 01101001 00100000 01110011 01100101 01110011 01101111 01110010 01100001"
DIALOGO_EMISARIO_P2,"Su cooperación será recompensada, ella satisface a los súbditos leales…","Your cooperation will be rewarded, she satisfies loyal subjects…","Sua cooperação será recompensada, ela satisfaz os súditos leais…","Votre coopération sera récomplensée, elle comble les sujets loyaux…","你的合作将得到回报，她会满足忠诚的臣民…","ご協力には報いよう、主は忠実な臣下を満足させる…","Ваше сотрудничество будет вознаграждено, она щедра к верным подданным…","Eure Zusammenarbeit wird belohnt, sie belohnt loyale Untertanen…","당신의 협력은 보상받을 것이며, 여주인께서는 충성스러운 신하들을 만족시키십니다…","La vostra cooperazione sarà ricompensata, lei soddisfa i sudditi leali…","Twoja współpraca zostanie nagrodzona, ona nagradza lojalnych poddanych…","تعاونكم سيكافأ، فهي تجازي الرعايا المخلصين…","Yanapakuyniykiqa qusqam kanqa, payqa hunt'asqa sunquwanmi chaskikun leal runakunata…","01010011 01110101 00100000 01100011 01101111 01101111 01110000 01100101 01110010 01100001 01100011 01101001 01101111 01101110"
BOTON_SIGUIENTE,Siguiente,Next,Seguinte,Suivant,下一步,次へ,Далее,Weiter,다음,Avanti,Dalej,التالي,Qatiqnin,01001110 01100101 01111008 01110100
GAME_OVER_TITLE,FIN DEL JUEGO,GAME OVER,FIM DE JOGO,FIN DE PARTIE,游戏结束,ゲームオーバー,ИГРА ОКОНЧЕНА,SPIEL VORBEI,게임 오버,FINE DEL GIOCO,KONIEC GRY,نهاية اللعبة,TUKUSQA,01000111 01000001 01001101 01000101 00100000 01001111 01010110 01000101 01010010
GAME_OVER_SUBTITLE,LA HORDA HA DERROTADO A ERYN,THE HORDE HAS DEFEATED ERYN,A HORDA DERROTOU ERYN,LA HORDE A VAINCU ERYN,魔物大军击败了艾琳,魔物の群れがエリンを倒した,ОРДА ПОБЕДИЛА ЭРИН,DIE HORDE HAT ERYN BESIEGT,군대가 에린을 패배시켰습니다,L'ORDA HA SCONFITTO ERYN,HORDA POKONAŁA ERYN,لقد هزم الحشد إيرين,WARKUNAPUN ERYNTA WAÑUCHIRQA,01010100 01001000 01000101 00100000 01001000 01001111 01010010 01000100 01000101
BTN_REINICIAR,CONTINUAR,CONTINUE,CONTINUAR,CONTINUER,继续,次へ,ПРОДОЛЖИТЬ,WEITER,계속,CONTINUA,KONTYNUUJ,متابعة,KUTIPAY,01000011 01001111 01010011 01010101 01001001 01001110 01010111 01000101
MENU_PLAY,JUGAR,PLAY,JOGAR,JOUER,开始游戏,プレイ,ИГРАТЬ,SPIELEN,플레이,GIOCA,GRAJ,اللعب,PUKLLAY,01010000 01001100 01000001 01011001
MENU_LOAD,CARGAR PARTIDA,LOAD GAME,CARREGAR JOGO,CHARGER PARTIE,加载游戏,ロードゲーム,ЗАГРУЗИТЬ ИГРУ,SPIEL LADEN,게임 불러오기,CARICA PARTITA,WCZYTAJ GRĘ,تحميل اللعبة,PUKLLAYTA WAKAYCHAY,01001100 01001111 01000001 01000100
MENU_OPTIONS,OPCIONES,OPTIONS,OPÇÕES,OPTIONS,选项,オプション,ОПЦИИ,OPTIONEN,옵션,OPZIONI,OPCJE,الإعدادات,AKLLANAKUNA,01001111 01010000 01010100 01001001 01001111 01001110 01010011
MENU_GALLERY,GALERÍA DE ARTE,ART GALLERY,GALERIA DE ARTE,GALERIE D'ART,艺术画廊,アートギャラリー,ГАЛЕРЕЯ ИСКУССТВА,KUNSTGALERIE,아트 갤러리,GALLERIA D'ARTE,GALERIA SZTUKI,معرض الفنون,RIKIY LLAQTA,01000111 01000001 01001100 01001100 01000101 01010010 01011001
MENU_CREDITS,CRÉDITOS,CREDITS,CRÉDITOS,CRÉDITS,制作人员,クレジット,ТИТРЫ,CREDITS,크레딧,CREDITI,NAPISY KOŃCOWE,الحقوق,RUWAYAQKUNA,01000011 01010010 01000101 01000100 01001001 01010100 01010011
DIALOGO_ARQUERA_ARRIBA_CAMBIO_ARMA,PARA CAMBIAR DE ARMA PRESIONA R,PRESS R TO SWITCH WEAPONS,PRESSIONE R PARA TROCAR DE ARMA,APPUYEZ SUR R POUR CHANGER D'ARME,按 R 更换武器,Rキーで武器を切り替え,НАЖМИТЕ R ЧТОБЫ СМЕНИТЬ ОРУЖИЕ,DRÜCKE R UM DIE WAFFE ZU WECHSELN,R을 눌러 무기 변경,PREMI R PER CAMBIARE ARMA,NACIŚNIJ R ABY ZMIENIĆ BROŃ,اضغط R لتغيير السلاح,ARMA TIKRAYPAQ R ÑIT'IY,01010000 01000001 01010010 01000001 00100000 01000011 01000001 01001101 01000010 01001001 01000001 01010010 00100000 01000100 01000101 00100000 01000001 01010010 01001101 01000001 00100000 01010000 01010010 01000101 01010011 01001001 01001111 01001110 01000001 00100000 01010010
DIALOGO_ARQUERA_ABAJO_3,LLEVO 3 TIROS A LA CABEZA,I'VE GOT 3 HEADSHOTS,JÁ TENHO 3 TIROS NA CABEÇA,J'AI DÉJÀ 3 FLÈCHES EN PLEINE TÊTE,我已经3次爆头了,ヘッドショットはもう3回,УЖЕ 3 ВЫСТРЕЛА В ГОЛОВУ,3 KOPFSCHÜSSE HABE ICH SCHON,헤드샷 벌써 3개,HO GIÀ 3 COLPI ALLA TESTA,MAM JUŻ 3 TRAFIENIA W GŁOWĘ,وصلت 3 طلقات في الرأس,KINSA UMA CH'UKINAYATA RURANI,01001100 01001100 01000101 01010110 01001111 00100000 00110011 00100000 01010100 01001001 01010010 01001111 01010011 00100000 01000001 00100000 01001100 01000001 00100000 01000011 01000001 01000010 01000101 01011010 01000001
DIALOGO_ARQUERA_ABAJO_15_Y_TU,¿LLEVO 15 MUERTES Y TU?,I'VE GOT 15 KILLS AND YOU?,JÁ TENHO 15 MORTES E VOCÊ?,J'AI 15 TUÉS ET TOI?,我已经15杀了你呢？,15キルしたけど君は？,У МЕНЯ 15 УБИЙСТВ А У ТЕБЯ?,ICH HABE 15 KILLS UND DU?,나는 15킬 했는데 너는?,HO 15 UCCISIONI E TU?,MAM 15 ZABIĆ A TY?,لدي 15 قتيلاً وماذا عنك؟,ÑUQAPAS 15 WAÑUCHIYTA RURANI QAMRI?,01001100 01001100 01000101 01010110 01001111 00100000 00110001 00110101 00100000 01001101 01010101 01000101 01010010 01010100 01000101 01010011 00100000 01011001 00100000 01010100 01010101 00111111
DIALOGO_ARQUERA_ARRIBA_TENIA_QUE_CONTARLAS,¿TENIA QUE CONTARLAS?,DID I HAVE TO COUNT THEM?,TINHA QUE CONTÁ-LAS?,JE DEVAIS LES COMPTER?,我得数吗？,数えなきゃいけなかったの？,МНЕ НАДО БЫЛО СЧИТАТЬ?,MUSSTE ICH SIE ZÄHLEN?,세어야 했나요?,DOVEVO CONTARLE?,MIAŁAM JE LICZYĆ?,هل كان عليّ عدها؟,YUPAYTA MUNARQANICHU?,01010100 01000101 01001110 01001001 01000001 00100000 01010001 01010101 01000101 00100000 01000011 01001111 01001110 01010100 01000001 01010010 01001100 01000001 01010011 00111111
DIALOGO_ARQUERA_ARRIBA_PESADA,ESA COSA NO PARECIA TAN PESADA,THAT THING DIDN'T LOOK THAT HEAVY,AQUELA COISA NÃO PARECIA TÃO PESADA,CETTE CHOSE N'AVAIT PAS L'AIR SI LOURDE,那东西看起来没那么重,あんなに重そうには見えなかった,ЭТА ШТУКА НЕ ВЫГЛЯДЕЛА ТАКОЙ ТЯЖЕЛОЙ,DAS DING SAH NICHT SO SCHWER AUS,그게 그렇게 무거워 보이지 않았는데,QUELLA COSA NON SEMBRAVA COSÌ PESANTE,TA RZECZ NIE WYGLĄDAŁA NA TAK CIĘŻKĄ,ذلك الشيء لم يبدُ ثقيلاً هكذا,CHAYKUNAQAS MANAM LLASASCHU RIKUKURQA,01000101 01010011 01000001 00100000 01000011 01001111 01010011 01000001 00100000 01001110 01001111 00100000 01010000 01000001 01010010 01000101 01000011 01001001 01000001 00100000 01010100 01000001 01001110 00100000 01010000 01000101 01010011 01000001 01000100 01000001
DIALOGO_ARQUERA_ABAJO_ESPERANDO,LAS ESTABAMOS ESPERANDO CHICAS,WE WERE WAITING FOR YOU GIRLS,ESTÁVAMOS ESPERANDO VOCÊS MENINAS,ON VOUS ATTENDAIT LES FILLES,我们在等你们呢姑娘们,待ってたよみんな,МЫ ВАС ЖДАЛИ ДЕВОЧКИ,WIR HABEN AUF EUCH GEWARTET MÄDCHEN,우린 너희를 기다리고 있었어 얘들아,VI STAVAMO ASPETTANDO RAGAZZE,CZEKAŁYŚMY NA WAS DZIEWCZYNY,كنا ننتظركم يا فتيات,ÑUQAYKUPAS SUYASQAYKIKUQ KANI CHIKICHAY,01001100 01000001 01010011 00100000 01000101 01010011 01010100 01000001 01000042 01000001 01001101 01001111 01010011 00100000 01000101 01010011 01010000 01000101 01010010 01000001 01001110 01000100 01001111 00100000 01000011 01001000 01001001 01000011 01000001 01010011
DIALOGO_ARQUERA_ARRIBA_GOBLIN_LEGENDARIA,¿ACASO ES LA GOBLIN LEGENDARIA?,COULD IT BE THE LEGENDARY GOBLIN?,SERÁ A GOBLIN LENDÁRIA?,SERAIT-CE LA GOBLINE LÉGENDAIRE ?,难道是传说中的哥布林？,まさか伝説のゴブリンか？,НЕУЖЕЛИ ЭТО ЛЕГЕНДАРНАЯ ГОБЛИНША?,IST DAS ETWA DIE LEGENDÄRE GOBLIN?,설마 전설의 고블린인가?,CHE SIA LA GOBLIN LEGGENDARIA?,CZYŻBY TO BYŁA LEGENDARNA GOBLINKA?,هل هي الغوبلن الأسطورية؟,¿PAYCHU CHAY WILLASQA GOBLIN?,01000011 01001111 01010101 01001100 01000101 00100000 01001001 01010100 00100000 01000010 01000101

TITULO_PASO_MEDEA,Paso de Medea,Medea Pass,Passagem de Medéia,Passe de Médée,美狄亚隘口,メデアの峠,Перевал Медеи,Medea-Pass,메데아 고개,Passo di Medea,Przełęcz Medei,ممر ميديا,Medeapa pasaynin,01001101 01100101 01100100 01100101 01100001 00100000 01010000 01100001 01110011 01110011
PROMPT_INTERACTUAR,Interactuar,Interact,Interagir,Interagir,互动,調べる,Взаимодействовать,Interagieren,상호작용,Interagisci,Wejdź w interakcję,تفاعل,Ruranakuy,01001001 01101110 01110100 01100101 01110010 01100001 01100011 01110100
MENU_DEFENSORAS,DEFENSORAS,DEFENDERS,DEFENSORAS,DÉFENSEUSES,防御者,防衛者,ЗАЩИТНИЦЫ,VERTEIDIGERINNEN,방어자,DIFENSORE,OBROŃCZYNIE,المدافعات,HARK'AQKUNA,01000100 01000101 01000110 01000101 01001110 01010011 01001111 01010010 01000001 01010011
MENU_BESTIARIO,BESTIARIO,BESTIARY,BESTIÁRIO,BESTIAIRE,图鉴,魔物図鑑,БЕСТИАРИЙ,BESTIARIUM,도감,BESTIARIO,BESTIARIUSZ,دليل الوحوش,UYWAKUNA QILLQA,01000010 01000101 01010011 01010100 01001001 01000001 01010010 01011001
MENU_SALIR,SALIR,EXIT,SAIR,QUITTER,退出,戻る,ВЫЙТИ,VERLASSEN,나가기,ESCI,WYJDŹ,خروج,LLUQSIY,01000101 01011000 01001001 01010100
MENU_DEFENSORAS_TITULO,ASIGNACIÓN DE DEFENSORAS,DEFENDER ASSIGNMENT,ATRIBUIÇÃO DE DEFENSORAS,AFFECTATION DES DÉFENSEUSES,配置防守人员,防衛者の配置,НАЗНАЧЕНИЕ ЗАЩИТНИЦ,VERTEIDIGER-ZUWEISUNG,방어자 배치,ASSEGNAZIONE DIFENSORI,PRZYDZIAŁ OBROŃCZYŃ,تعيين المدافعات,HARK'AQKUNATA CHURAY,01000001 01010011 01001001 01000111 01001110
MENU_DEFENSORAS_SUBTITULO,"Usa W / S para seleccionar piso y A / D para alternar entre Arquera y Ballestera","Use W / S to select floor and A / D to toggle between Archer and Crossbow woman","Use W / S para selecionar o andar e A / D para alternar entre Arqueira e Balesteira","Utilisez Z / S pour choisir l'étage et Q / D pour alterner entre Archère et Arbalétrière","使用 W / S 选择平台，使用 A / D 切换弓箭手与弩手","W/Sでフロアを選択、A/Dで弓兵と弩兵を切り替え","Используйте W / S для выбора этажа и A / D для переключения лучницы и арбалетчицы","Nutze W / S zur Stockwerkwahl und A / D zum Wechseln zwischen Bogenschützin und Armbrustschützin","W / S로 층 선택, A / D로 궁수와 석궁병 전환","Usa W / S per selezionare il piano e A / D per alternare tra Arciera e Balestriera","Użyj W / S aby wybrać piętro oraz A / D aby przełączać między Łuczniczką a Kuszniczką","استخدم W / S لاختيار الطابق و A / D للتبديل بين رامية السهام ورامية القوس","W / S wan patata akllay, A / D wan wach'iq warmita utaq korbata tikray","01010111 00100000 01010011 00100000 01000001 00100000 01000100"
MENU_DEFENSORAS_PISO_SUPERIOR,PISO SUPERIOR,UPPER FLOOR,ANDAR SUPERIOR,ÉTAGE SUPÉRIEUR,上层平台,上層フロア,ВЕРХНИЙ ЭТАЖ,OBERES STOCKWERK,상층,PIANO SUPERIORE,GÓRNE PIĘTRO,الطابق العلوي,HAWA PATA,01010101 01010000 01010000 01000101 01010010
MENU_DEFENSORAS_PISO_INFERIOR,PISO INFERIOR,LOWER FLOOR,ANDAR INFERIOR,ÉTAGE INFÉRIEUR,下层平台,下層フロア,НИЖНИЙ ЭТАЖ,UNTERES STOCKWERK,하층,PIANO INFERIORE,DOLNE PIĘTRO,الطابق السفلي,URA PATA,01001100 01001111 01010111 01000101 01010010
DEFENSORA_ARQUERA_TITULO,DEFENSORA ARQUERA,DEFENDER ARCHER,DEFENSORA ARQUEIRA,ARCHÈRE DÉFENSEUSE,弓箭手防御者,弓兵の防衛者,ЗАЩИТНИЦА-ЛУЧНИЦА,BOGENSCHÜTZIN-VERTEIDIGERIN,궁수 방어자,ARCIERA DIFENSORE,ŁUCZNICZKA OBROŃCZYNI,المدافعة رامية السهام,WACH'IQ HARK'AQ,01000001 01010010 01000011 01001000 01000101 01010010
DEFENSORA_BALLESTERA_TITULO,DEFENSORA BALLESTERA,DEFENDER CROSSBOW,DEFENSORA BALESTEIRA,ARBALÉTRIÈRE DÉFENSEUSE,弩手防御者,弩兵の防衛者,ЗАЩИТНИЦА-АРБАЛЕТЧИЦА,ARMBRUSTSCHÜTZIN-VERTEIDIGERIN,석궁병 방어자,BALESTRIERA DIFENSORE,KUSZNICZKA OBROŃCZYNI,المدافعة رامية القوس,KORBA HARK'AQ,01000011 01010010 01001111 01010011 01010011 01000010 01001111 01010111
DESC_DEFENSORA_ARQUERA,"Defensora arquera: Vida 2\nEficaz contra objetivos aéreos y en altura\nPuede utilizar diferentes tipos de flechas\nCadencia de disparo alta","Defender Archer: Health 2\nEffective against aerial and elevated targets\nCan use different types of arrows\nHigh rate of fire","Defensora arqueira: Vida 2\nEficaz contra alvos aéreos e em altura\nPode utilizar diferentes tipos de flechas\nAlta cadência de disparo","Archère défenseuse : Vie 2\nEfficace contre les cibles aériennes et en hauteur\nPeut utiliser différents types de flèches\nCadence de tir élevée","弓箭手防御者：生命值 2\n克制空中与高处目标\n可使用多种不同箭矢\n射速高","弓兵の防衛者：体力 2\n対空および高所の標的に有効\n多種多様な矢を使用可能\n連射速度：高","Защитница-лучница: Здоровье 2\nЭффективна против воздушных и высотных целей\nМожет использовать различные типы стрел\nВысокая скорострельность","Bogenschützin-Verteidigerin: Leben 2\nWirksam gegen Luft- und Höhenziele\nKann verschiedene Pfeilarten nutzen\nHohe Feuerrate","궁수 방어자: 체력 2\n공중 및 높은 위치의 적에게 효과적\n다양한 종류의 화살 사용 가능\n발사 속도 높음","Arciera difensore: Vita 2\nEfficace contro bersagli aerei e in quota\nPuò utilizzare diversi tipi di frecce\nCadenza di tiro alta","Łuczniczka obrończyni: Zdrowie 2\nSkuteczna przeciwko celom latającym i na wysokości\nMoże używać różnych typów strzał\nWysoka szybkostrzelność","المدافعة رامية السهام: الصحة 2\nفعالة ضد الأهداف الجوية والمرتفعة\nيمكنها استخدام أنواع مختلفة من السهام\nمعدل إطلاق نار مرتفع","Wach'iq hark'aq: Kawsay 2\nWayrapi kaqkunata allin ch'utani\nAskha laya wach'ikunata churanman\nKallpasapa utqay t'oqyachiq","01000001 01110010 01100011 01101000 01100101 01110010"
DESC_DEFENSORA_BALLESTERA,"Defensora ballestera: Vida 4\nEficaz contra infantería enemiga básica\nCada 5 tiros puedes aplicar la habilidad “refuerzo de escudo” que otorga + 2 de vida a su escudo de piso\nCadencia de disparo media","Defender Crossbow: Health 4\nEffective against basic enemy infantry\nEvery 5 shots you can apply the skill ""shield reinforcement"" granting +2 health to her floor shield\nMedium rate of fire","Defensora balesteira: Vida 4\nEficaz contra infantaria inimiga básica\nA cada 5 disparos você pode aplicar a habilidade ""reforço de escudo"" que concede +2 de vida ao escudo de piso\nCadência de disparo média","Arbalétrière défenseuse : Vie 4\nEfficace contre l'infanterie ennemie de base\nTous les 5 tirs, vous pouvez appliquer la compétence ""renfort de bouclier"" accordant +2 de vie au bouclier de sol\nCadence de tir moyenne","弩手防御者：生命值 4\n克制基础敌方步兵\n每射击5次可使用技能“护盾强化”，为其楼层护盾增加2点生命值\n射速中等","弩兵の防衛者：体力 4\n基本敵歩兵に有効\n5射ごとに「盾強化」スキルを発動可能、フロアシールドの体力を+2増加\n連射速度：中","Защитница-арбалетчица: Здоровье 4\nЭффективна против базовой пехоты противника\nКаждые 5 выстрелов можно применить способность «усиление щита», дающую +2 к прочности напольного щита\nСредняя скорострельность","Armbrustschützin-Verteidigerin: Leben 4\nWirksam gegen einfache feindliche Infanterie\nAlle 5 Schüsse kann die Fertigkeit „Schildverstärkung“ aktiviert werden (+2 Leben für den Bodenschild)\nMittlere Feuerrate","석궁병 방어자: 체력 4\n기본 적 보병에게 효과적\n5발마다 ""방패 강화"" 스킬을 적용하여 바닥 방패에 체력 +2 부여 가능\n발사 속도 보통","Balestriera difensore: Vita 4\nEfficace contro la fanteria nemica di base\nOgni 5 colpi puoi applicare l'abilità ""rinforzo dello scudo"" che conferisce +2 alla vita del suo scudo a terra\nCadenza di tiro media","Kuszniczka obrończyni: Zdrowie 4\nSkuteczna przeciwko podstawowej piechocie wroga\nCo 5 strzałów możesz użyć umiejętności ""wzmocnienie tarczy"", która daje +2 do zdrowia tarczy podłogowej\nŚrednia szybkostrzelność","المدافعة رامية القوس: الصحة 4\nفعالة ضد مشاة العدو الأساسيين\nكل 5 طلقات يمكنك استخدام مهارة ""تعزيز الدرع"" التي تمنح +2 لصحة درع الأرضية\nمعدل إطلاق نار متوسط","Korba hark'aq: Kawsay 4\nChaki awqakunata allin ch'utani\nSapa 5 t'oqyaypi ""hark'aq kallpachay"" atiyniyuq kanki, pata hark'aqman +2 kawsayta quspa\nChawpi utqay t'oqyachiq","01000011 01110010 01101111 01110011 01110011 01100010 01101111 01110111"
MENU_DEFENSORAS_CONTROLES,"W / S: Seleccionar Piso\nA / D: Cambiar Defensora\nE / ESC: Confirmar y Salir","W / S: Select Floor\nA / D: Change Defender\nE / ESC: Confirm and Exit","W / S: Selecionar Andar\nA / D: Mudar Defensora\nE / ESC: Confirmar e Sair","Z / S : Choisir l'étage\nQ / D : Changer de défenseuse\nE / ÉCHAP : Confirmer et quitter","W / S: 选择平台\nA / D: 更改防御者\nE / ESC: 确认并退出","W / S: フロア選択\nA / D: 防衛者変更\nE / ESC: 確定して戻る","W / S: Выбрать этаж\nA / D: Сменить защитницу\nE / ESC: Подтвердить и выйти","W / S: Stockwerk wählen\nA / D: Verteidigerin wechseln\nE / ESC: Bestätigen und Beenden","W / S: 층 선택\nA / D: 방어자 변경\nE / ESC: 확인 및 나가기","W / S: Seleziona Piano\nA / D: Cambia Difensore\nE / ESC: Conferma ed Esci","W / S: Wybierz piętro\nA / D: Zmień obrończynię\nE / ESC: Potwierdź i wyjdź","W / S: اختيار الطابق\nA / D: تغيير المدافعة\nE / ESC: تأكيد وخروج","W / S: Pata akllay\nA / D: Hark'aqta tikray\nE / ESC: Tukuypas lluqsiy","01010111 00100000 01010011 00100000 01000001 00100000 01000100"
BTN_CONFIRMAR_SALIR,CONFIRMAR Y SALIR,CONFIRM AND EXIT,CONFIRMAR E SAIR,CONFIRMER ET QUITTER,确认并退出,確定して終了,ПОДТВЕРДИТЬ И ВЫЙТИ,BESTÄTIGEN UND BEENDEN,확인 및 나가기,CONFERMA ED ESCI,POTWIERDŹ I WYJDŹ,تأكيد وخروج,TUKUYPAS LLUQSIY,01000011 01001111 01001110 01000110 01001001 01010010 01001101
CRITICO,CRITICO,CRITICAL,CRITICO,CRITIQUE,暴击,クリティカル,КРИТ,KRITISCH,치명타,CRITICO,KRYTYK,حرجة,CRITICO,
CARGANDO,Cargando...,Loading...,Carregando...,Chargement...,加载中...,ロード中...,Загрузка...,Wird geladen...,로딩 중...,Caricamento...,Ładowanie...,جارٍ التحميل...,Samaykuchkan...,01001100 01101111 01100001 01100100
CARGANDO_ESCENARIO,Cargando escenario y dependencias...,Loading stage and assets...,Carregando cenário e dependências...,Chargement de la scène et des dépendances...,正在加载场景与资源...,ステージとアセットを読み込み中...,Загрузка сцены и ресурсов...,Lade Szene und Ressourcen...,스테이지 및 리소스 로딩 중...,Caricamento scenario e risorse...,Ładowanie sceny i zasobów...,تحميل المشهد والموارد...,Suyuta lliw imaymanakunata samaykuchkan...,01010011 01110100 01100001 01100111 01100101
BESTIARIO_LISTADO_ENEMIGOS,LISTADO DE ENEMIGOS,ENEMY LIST,LISTA DE INIMIGOS,LISTE DES ENNEMIS,敌人列表,魔物一覧,СПИСОК ВРАГОВ,GEGNERLISTE,적 목록,ELENCO DEI NEMICI,LISTA WROGÓW,قائمة الأعداء,AWQAKUNAPA QILLQAN,01000101 01101110 01100101 01101101 01111001
BESTIARIO_KEY_HP,PUNTOS DE SALUD (HP),HEALTH POINTS (HP),PONTOS DE VIDA (HP),POINTS DE VIE (PV),生命值 (HP),体力 (HP),ОЧКИ ЗДОРОВЬЯ (HP),GESUNDHEITSPUNKTE (HP),체력 (HP),PUNTI SALUTE (HP),PUNKTY ZDROWIA (HP),نقاط الصحة (HP),KAWSAY (HP),01001000 01010000
BESTIARIO_KEY_ATT,PODER DE ATAQUE (ATT),ATTACK POWER (ATT),PODER DE ATAQUE (ATT),PUISSANCE D'ATTAQUE (ATT),攻击力 (ATT),攻撃力 (ATT),СИЛА АТАКИ (ATT),ANGRIFFSKRAFT (ATT),공격력 (ATT),POTENZA D'ATTACCO (ATT),SIŁA ATAKU (ATT),قوة الهجوم (ATT),T'OQYAY KALLPA (ATT),01000001 01010100 01010100
BESTIARIO_KEY_ITEM,OBJETO / BOTÍN (ITEM),ITEM / LOOT (ITEM),ITEM / ESPÓLIO (ITEM),OBJET / BUTIN (OBJET),道具 / 战利品 (ITEM),アイテム / 戦利品 (ITEM),ПРЕДМЕТ / ДОБЫЧА (ITEM),GEGENSTAND / BEUTE (ITEM),아이템 / 전리품 (ITEM),OGGETTO / BOTTINO (ITEM),PRZEDMIOT / ŁUP (ITEM),عنصر / غنيمة (عنصر),CH'USAQ / SUWASQA (ITEM),01001001 01010010 01000101 01001101
BESTIARIO_TITULO_DESC,DESCRIPCIÓN Y REGISTRO DE COMBATE,DESCRIPTION & COMBAT LOG,DESCRIÇÃO E REGISTRO DE COMBATE,DESCRIPTION ET REGISTRE DE COMBAT,描述与战斗记录,解説と戦闘記録,ОПИСАНИЕ И БОЕВОЙ ЖУРНАЛ,BESCHREIBUNG & KAMPFPROTOKOLL,설명 및 전투 기록,DESCRIZIONE E REGISTRO DI COMBATTIMENTO,OPIS I REJESTR WALKI,الوصف وسجل القتال,WILLAY AWQANAKUYPAS,01000100 01100101 01110011 01100011
BESTIARIO_CONTROLES,W / S: Seleccionar Enemigo  •  Clic: Ver Ficha  •  E / ESC: Volver,W / S: Select Enemy  •  Click: View Profile  •  E / ESC: Back,W / S: Selecionar Inimigo  •  Clique: Ver Ficha  •  E / ESC: Voltar,Z / S : Choisir l'ennemi  •  Clic : Voir fiche  •  E / ÉCHAP : Retour,W / S: 选择敌人  •  点击: 查看资料  •  E / ESC: 返回,W / S: 魔物選択  •  クリック: 詳細を見る  •  E / ESC: 戻る,W / S: Выбрать врага  •  Клик: Подробнее  •  E / ESC: Назад,W / S: Gegner wählen  •  Klick: Profil ansehen  •  E / ESC: Zurück,W / S: 적 선택  •  클릭: 상세 정보  •  E / ESC: 뒤로,W / S: Seleziona Nemico  •  Clic: Scheda  •  E / ESC: Indietro,W / S: Wybierz wroga  •  Klik: Profil  •  E / ESC: Wróć,W / S: اختيار العدو  •  نقر: عرض البطاقة  •  E / ESC: رجوع,W / S: Awqata akllay  •  Llapi: Qhaway  •  E / ESC: Kutiy,01010111 00100000 01010011
BESTIARIO_ITEM_NINGUNO,Ninguno,None,Nenhum,Aucun,无,なし,Нет,Keine,없음,Nessuno,Brak,لا شيء,Mana imapas,01001110 01101111 01101110 01100101
BESTIARIO_ITEM_DISPARO_MULTIPLE,Disparo múltiple,Spread Shot,Tiro Múltiplo,Tir Multiple,多重射击,拡散射撃,Множественный выстрел,Mehrfachschuss,다중 발사,Tiro Multiplo,Wielokrotny strzał,إطلاق متعدد,Askha t'oqyay,01010011 01110000 01110010 01100101 01100001 01100100
BESTIARIO_ITEM_FLECHA_EXPLOSIVA,Flecha explosiva,Explosive Arrow,Flecha Explosiva,Flèche Explosive,爆炸箭,爆発矢,Взрывная стрела,Explosivpfeil,폭발 화살,Freccia Esplosiva,Wybuchowa strzała,سهم متفجر,T'oqyaq wach'i,01000101 01111000 01110000 01101100 01101111 01110011 01101001 01110110 01100101
BESTIARIO_ITEM_POCION_CURATIVA,Poción curativa,Healing Potion,Poção de Cura,Potion de Soin,治疗药水,回復ポーション,Лечебное зелье,Heiltrank,치유 물약,Pozione Curativa,Mikstura lecznicza,جرعة شفاء,Qhali hampi,01010000 01101111 01110100 01101001 01101111 01101110
BESTIARIO_IMP_EMBAJADOR_NOMBRE,Imp Embajador,Imp Emissary,Imp Embaixador,Imp Émissaire,小恶魔使者,インプの使者,Имп-Посланник,Imp-Gesandter,임프 사절,Imp Emissario,Imp Emisariusz,إمب المبعوث,Imp kachasqa,01001001 01101101 01110000
BESTIARIO_IMP_EMBAJADOR_DESC,"Un imp con el máximo rango militar, carga con el estandarte de Vesara, atacarlo es como declarar la guerra","An imp of the highest military rank, bearing the banner of Vesara. Attacking him is declaring war.","Um imp de patente militar máxima, carrega o estandarte de Vesara, atacá-lo é como declarar guerra","Un imp au rang militaire suprême, portant la bannière de Vesara, l'attaquer revient à déclarer la guerre","拥有最高军阶的小恶魔，扛着维萨拉的军旗，攻击他等同于宣战","最高位の軍階を持つインプ。ヴェサラの軍旗を掲げており、彼を攻撃することは宣戦布告に等しい","Имп высшего воинского звания, несёт знамя Весары, нападение на него равносильно объявлению войны","Ein Imp höchsten militärischen Ranges, der das Banner von Vesara trägt; ihn anzugreifen gleicht einer Kriegserklärung","최고 군사 계급의 임프로, 베사라의 깃발을 들고 있어 그를 공격하는 것은 선전포고와 같습니다","Un imp di altissimo rango militare, porta lo stendardo di Vesara, attaccarlo equivale a dichiarare guerra","Imp o najwyższej randze wojskowej, noszący sztandar Vesary, zaatakowanie go jest równoznaczne z wypowiedzeniem wojny","إمب من أعلى الرتب العسكرية، يحمل راية فيسارا، مهاجمته بمثابة إعلان حرب","Vesarapa unanchanta apaq aswan hatun kamachikuq imp, payta ch'utayqa awqanakuyta qallariymi",01000101 01101101 01100010 01100001
BESTIARIO_IMP_NOMBRE,Imp,Imp,Imp,Imp,小恶魔,インプ,Имп,Imp,임프,Imp,Imp,إمب,Imp,01001001 01101101 01110000
BESTIARIO_IMP_DESC,"El eslabón más bajo de cualquier ejercito demoniaco, su corto alcance lo hacer un objetivo fácil","The lowest rank in any demonic army. His short attack range makes him an easy target.","O elo mais baixo de qualquer exército demoníaco, seu curto alcance o torna um alvo fácil","Le maillon le plus faible de toute armée démoniaque, sa courte portée en fait une cible facile","任何恶魔军团中最底层的一环，较短的射程使它成为易被击中的目标","魔物軍団の最下級兵士。射程が短いため格好の標的となる","Низшее звено любой демонической армии, малая дальность делает его лёгкой мишенью","Das unterste Glied jeder Dämonenarmee; seine kurze Reichweite macht ihn zu einem leichten Ziel","어떤 악마 군대에서든 가장 말단의 존재로, 사거리가 짧아 쉬운 표적이 됩니다","L'anello più basso di qualsiasi esercito demoniaco, la sua gittata corta lo rende un facile bersaglio","Najniższe ogniwo każdej demonicznej armii, krótki zasięg czyni go łatwym celem","أدنى رتبة في أي جيش شيطاني، قصر مداه يجعله هدفاً سهلاً","Supay awqa runakunapa aswan uraynin, huch'uy tupunraykum sasan chayanapaq kaq",01001001 01101101 01110000
BESTIARIO_ARQUERA_GOBLIN_NOMBRE,Arquera Goblin,Goblin Archer,Arqueira Goblin,Archère Gobeline,哥布林弓手,ゴブリン弓兵,Гоблин-лучница,Goblin-Bogenschützin,고블린 궁수,Arciera Goblin,Łuczniczka goblinów,رامية الغوبلن,Goblin wach'iq,01000001 01110010 01100011 01101000 01100101 01110010
BESTIARIO_ARQUERA_GOBLIN_DESC,"Por si solas no representan ninguna amenaza, pero dado a su largo rango son letales como unidad de apoyo","Harmless on their own, but their long range makes them lethal as support units.","Sozinhas não representam ameaça, mas seu longo alcance as torna letais como apoio","Seules, elles ne représentent aucune menace, mais leur longue portée les rend mortelles en soutien","独自一人时不具威胁，但凭借远距离射程，作为支援部队极为致命","単体では脅威ではないが、長射程ゆえに後方支援部隊として非常に厄介","В одиночку не представляют угрозы, но из-за большой дальности смертоносны как поддержка","Allein stellen sie keine Gefahr dar, doch durch ihre hohe Reichweite sind sie tödlich als Unterstützung","단독으로는 위협이 되지 않지만, 긴 사거리 덕분에 지원 부대로서 치명적입니다","Da sole non rappresentano una minaccia, ma la loro lunga gittata le rende letali come unità di supporto","Same w sobie nie stanowią zagrożenia, lecz ich daleki zasięg czyni je zabójczymi jako wsparcie","بمفردها لا تمثل أي تهديد، لكن مداها الطويل يجعلها قاتلة كوحدة دعم","Sapallankuqa manam manchaychu, ichqa karu tupunraykum yanapaq hinaqa wañuchiqpuni",01000001 01110010 01100011 01101000
BESTIARIO_IMP_ESCUDERA_NOMBRE,Imp Escudera,Imp Shield Girl,Imp Escudeira,Imp Bouclière,持盾小恶魔,盾持ちインプ,Имп со щитом,Schild-Imp,방패 임프,Imp con Scudo,Imp z tarczą,إمب بدرع,Llikllayuq imp,01010011 01101000 01101001 01100101 01101100 01100100
BESTIARIO_IMP_ESCUDERA_DESC,"Posee un escudo rudimentario de madera con el cual protege a sus compañeros, su rápido escape la hace un objetivo difícil de alcanzar","Carries a crude wooden shield to protect allies. Her swift escape makes her hard to reach.","Possui um escudo rudimentar de madeira para proteger seus aliados, sua fuga rápida a torna difícil de abater","Possède un bouclier en bois rudimentaire protégeant ses alliés, sa fuite rapide en fait une cible difficile","手持简陋木盾保护同伴，逃跑速度极快因而难以命中","粗雑な木の盾で仲間を守る。逃げ足が速く仕留めるのが難しい標的","Обладает примитивным деревянным щитом для защиты союзников, быстрый побег делает её трудной целью","Besitzt einen einfachen Holzschild, um Verbündete zu schützen; ihre schnelle Flucht macht sie schwer treffbar","동료들을 보호하는 조잡한 목재 방패를 지녔으며, 빠른 도주로 인해 맞히기 어렵습니다","Possiede un rudimentale scudo di legno con cui protegge i compagni, la sua rapida fuga la rende difficile da colpire","Posiada prymitywną drewnianą tarczę, którą chroni towarzyszy, jej szybka ucieczka utrudnia trafienie","تحمل درعاً خشبياً بدائياً تحمي به رفاقها، وهروبها السريع يجعل إصابتها صعبة","K'aspi llikllawanmi masinkunata amachan, utqay ayqikusqanraykum tariyta sasachakun",01010011 01101000 01101001 01100101
BESTIARIO_BALLESTERO_GOBLIN_NOMBRE,Ballestero Goblin,Goblin Crossbowman,Besteiro Goblin,Arbalétrier Gobelin,哥布林弩手,ゴブリン弩兵,Гоблин-арбалетчик,Goblin-Armbrustschütze,고블린 석궁병,Balestriere Goblin,Kusznik goblinów,رامي القوس الغوبلن,Goblin korba,01000011 01110010 01101111 01110011 01110011
BESTIARIO_BALLESTERO_GOBLIN_DESC,"El goblin es la unidad más reconocible de cualquier ejercito demoniaco, Su arma posee un alcance medio y gran precisión\nSiempre acude al llamado del cuerno","The most iconic unit of any demonic army. His weapon offers medium range and great accuracy.\nAlways answers the horn's call.","O goblin é a unidade mais reconhecível de qualquer exército demoníaco. Sua arma tem alcance médio e alta precisão\nSempre atende ao chamado do berrante","Le gobelin est l'unité la plus reconnaissable de toute armée démoniaque. Son arme a une portée moyenne et une grande précision\nRépond toujours à l'appel du cor","哥布林是恶魔军团最具辨识度的兵种，武器具备中程射程与高精度\n闻号角声必至","あらゆる魔物軍団で最も見慣れた兵士。中射程で高精度の武器を操る\n常に角笛の合図に応じる","Гоблин — самая узнаваемая единица любой демонической армии, его оружие средней дальности и высокой точности\nВсегда идёт на зов рога","Der Goblin ist die bekannteste Einheit jeder Dämonenarmee. Seine Waffe besitzt mittlere Reichweite und hohe Präzision\nFolgt stets dem Ruf des Horns","고블린은 악마 군대에서 가장 흔히 볼 수 있는 유닛으로, 무기는 중거리 사거리와 높은 정확도를 자랑합니다\n항상 나팔 소리에 응합니다","Il goblin è l'unità più riconoscibile di qualsiasi esercito demoniaco, la sua arma ha media gittata e grande precisione\nRisponde sempre alla chiamata del corno","Goblin to najbardziej rozpoznawalna jednostka każdej demonicznej armii, jego broń ma średni zasięg i wielką precyzję\nZawsze odpowiada na wezwanie rogu","الغوبلن هو الوحدة الأكثر شهرة في أي جيش شيطاني، سلاحه ذو مدى متوسط ودقة عالية\nيلبي دائماً نداء البوق","Goblinqa supaykunapa aswan riqsisqa runanmi, armanqa chawpi tupuyuq sumaq ch'utaqtaq\nWaqra waqyayta uyarispapuni hamun",01000011 01110010 01101111 01110011
BESTIARIO_GUARDIANA_MORADITA_NOMBRE,Guardiana Moradita,Purple Guardian,Guardiana Roxa,Gardienne Violette,紫色守卫,紫の守護者,Фиолетовая стражница,Lila Wächterin,보라 수호자,Guardiana Viola,Fioletowa strażniczka,الحارسة البنفسجية,Kulli hark'aq,01010000 01110101 01110010 01110000
BESTIARIO_GUARDIANA_MORADITA_DESC,"Su escudo es un bastión capaz de resistir mucho castigo, pero la usuaria es vulnerable mientras ataca, un solo disparo cargado certero puede derribarla","Her shield can endure immense punishment, but she is vulnerable while attacking. A precise charged shot can take her down.","Seu escudo resiste a muito dano, mas ela fica vulnerável enquanto ataca. Um tiro carregado certeiro pode derrubá-la","Son bouclier est un bastion capable d'encaisser de lourds dégâts, mais elle est vulnérable en attaquant. Un tir chargé peut la terrasser","巨盾坚固无比可抵御大量伤害，但在发动攻击时自身脆弱，一记精准蓄力射击即可将其击破","巨大な盾は凄まじい耐久力を誇るが、攻撃中は無防備になる。的確なチャージ射撃で打ち倒せる","Её щит выдерживает огромный урон, но она уязвима во время атаки, точный заряженный выстрел может её свалить","Ihr Schild ist ein Bollwerk gegen gewaltigen Schaden, doch während des Angriffs ist sie verwundbar; ein gezielter aufgeladener Schuss bezwingt sie","그녀의 방패는 엄청난 피해를 견딜 수 있지만 공격 중에는 취약합니다. 정확한 차지 샷 하나로 쓰러뜨릴 수 있습니다","Il suo scudo è un bastione resistente, ma è vulnerabile mentre attacca, un tiro caricato preciso può abbatterla","Jej tarcza znosi potężne uderzenia, lecz podczas ataku jest bezbronna; jeden celny naładowany strzał może ją powalić","درعها حصن منيع يتحمل الكثير، لكنها تكون ضعيفة أثناء الهجوم، طلقة مشحونة دقيقة كفيلة بإسقاطها","Llikllanqa ancha allin hark'aqmi, ichqa t'oqyachispanqa sasam, huk karga t'oqyayllam urmachinman",01010000 01110101 01110010 01110000
BESTIARIO_GOBLIN_ROSADA_NOMBRE,Goblin Rosada,Pink Goblin,Goblin Rosa,Gobeline Rose,粉红哥布林,ピンクゴブリン,Розовая гоблинша,Rosa Goblin,핑크 고블린,Goblin Rosa,Różowa goblinka,الغوبلن الوردية,Puka llimphi goblin,01010000 01101001 01101110 01101011
BESTIARIO_GOBLIN_ROSADA_DESC,"Cuenta la leyenda que una chica goblin se alzara y dominara el campo de batalla, pose un aura capaz de desviar hasta 4 flechas, solo las explosiones son capaces de atravesarla","Legend says a goblin girl will rise to dominate the battlefield. Her aura deflects up to 4 arrows; only explosions can breach it.","A lenda diz que uma garota goblin dominará o campo de batalha. Sua aura desvia até 4 flechas; apenas explosões a perfuram","La légende dit qu'une fille gobeline dominera le champ de bataille, son aura dévie jusqu'à 4 flèches, seules les explosions la percent","传说一位哥布林少女将统领战场，她的护体光环可弹开多达4支箭，唯有爆炸能破其防","伝説によればゴブリンの少女が戦場を支配するという。最大4本の矢を弾くオーラを持ち、爆発のみが貫通できる","Легенда гласит, что девушка-гоблин подчинит поле боя; её аура отражает до 4 стрел, лишь взрывы пробивают её","Der Legende nach wird ein Goblinmädchen das Schlachtfeld beherrschen; ihre Aura lenkt bis zu 4 Pfeile ab, nur Explosionen durchdringen sie","전설에 따르면 한 고블린 소녀가 전장을 지배할 것이라 합니다. 최대 4발의 화살을 튕겨내는 오라를 가졌으며 오직 폭발만 관통합니다","La leggenda narra che una ragazza goblin dominerà il campo di battaglia, ha un'aura che devia fino a 4 frecce, solo le esplosioni la penetrano","Legenda głosi, że goblinka zdominuje pole bitwy; jej aura odbija do 4 strzał, jedynie eksplozje mogą ją przebić","تقول الأسطورة إن فتاة غوبلن ستهيمن على المعركة، تمتلك هالة تصد حتى 4 سهام، والانفجارات وحدها تخترقها","Willakuymi nin huk goblin sipas awqanakuypi atipanqa, 4 wach'ikunata qarquq lliphipinmi kan, t'oqyaykunallam chayan",01010000 01101001 01101110 01101011
BESTIARIO_GARGOLA_NOMBRE,Gargola,Gargoyle,Gárgula,Gargouille,石像鬼,ガーゴイル,Горгулья,Gargoyle,가고일,Gargolla,Gargulec,غرغول,Gargola,01000111 01100001 01110010 01100111
BESTIARIO_GARGOLA_DESC,"Enemigo volador que solo aparece al atardecer, somete a sus presas con proyectiles de fuego","A flying foe that only appears at dusk, tormenting prey with fiery projectiles.","Inimigo voador que só surge ao entardecer, ataca com projéteis de fogo","Ennemi volant n'apparaissant qu'au crépuscule, soumettant ses proies avec des projectiles de feu","仅在黄昏时现身的飞行魔物，使用烈焰弹压制猎物","夕暮れ時にのみ現れる飛行の敵。火炎弾で獲物を追い詰める","Летающий враг, появляющийся лишь на закате, атакует добычу огненными снарядами","Ein fliegender Feind, der nur bei Dämmerung erscheint und Beute mit Feuergeschossen bedrängt","황혼에만 나타나는 비행 적으로, 불타는 투사체로 먹잇감을 굴복시킵니다","Nemico volante che appare solo al crepuscolo, sottomette le prede con proiettili di fuoco","Latający wróg pojawiający się tylko o zmierzchu, atakuje ofiary ognistymi pociskami","عدو طائر يظهر فقط عند الغسق، يقهر فرائسه بمقذوفات نارية","Ch'isiyaypipuni rikhuriq phawaq awqa, nina t'oqyaqkunawanmi masinkunata llallin",01000111 01100001 01110010 01100111
BESTIARIO_GLOBO_AEROSTATICO_NOMBRE,Globo Aerostático,Hot Air Balloon,Balão de Ar Quente,Montgolfière,热气球,熱気球,Воздушный шар,Heißluftballon,열기구,Mongolfiera,Balon na gorące powietrze,منطاد هوائي,Wayra p'uku,01000010 01100001 01101100 01101100 01101111 01101111 01101110
BESTIARIO_GLOBO_AEROSTATICO_DESC,"Unidad Aérea que puede disparar en movimiento, su gran tamaño lo hace un blanco fácil para las arqueras defensoras, al ser destruido se precipita al suelo causando daño","Aerial unit that fires while moving. Its large size makes it an easy target for defenders; when destroyed, it crashes causing damage.","Unidade aérea que atira em movimento. Seu tamanho facilita ser alvejada; ao cair, causa dano","Unité aérienne tirant en mouvement, sa grande taille en fait une cible facile; détruite, elle s'écrase causant des dégâts","能在移动中开火的空中单位，体型庞大易被防御者命中，被摧毁坠落时会对地面造成伤害","移動しながら射撃できる航空部隊。巨体のため防衛者の標的になりやすく、撃墜時は墜落してダメージを与える","Воздушная единица, стреляющая на ходу; её размер делает её лёгкой целью, при уничтожении падает на землю, нанося урон","Fliegende Einheit, die aus der Bewegung schießt; ihre Größe macht sie zur leichten Beute, beim Absturz verursacht sie Schaden","이동하며 발사할 수 있는 공중 유닛으로, 거대한 크기 때문에 방어자의 쉬운 표적이 되며 파괴 시 지상으로 추락하여 피해를 줍니다","Unità aerea che spara in movimento, la stazza la rende un facile bersaglio; distrutta, si schianta a terra causando danni","Jednostka latająca strzelająca w ruchu, jej wielkość ułatwia zestrzelenie; po zniszczeniu spada na ziemię zadając obrażenia","وحدة جوية تطلق النار أثناء الحركة، حجمها الكبير يجعلها هدفاً سهلاً، وعند تدميرها تسقط مسببة أضراراً","Puririspa t'oqyachiq wayrapi kaq, hatun kasqanraykum tariyta sasan, thunisqa kaspataq urmaspa k'irin",01000010 01100001 01101100 01101100
BESTIARIO_ARQUERA_LONKO_NOMBRE,Arquera Lonko,Lonko Archer,Arqueira Lonko,Archère Lonko,龙可弓手,ロンコ弓兵,Лучница Лонко,Lonko-Bogenschützin,론코 궁수,Arciera Lonko,Łuczniczka Lonko,رامية لونكو,Lonko wach'iq,01001100 01101111 01101110 01101011 01101111
BESTIARIO_ARQUERA_LONKO_DESC,"Unidad de elite capaz de alzar un pilar para atacar desde lo alto, su habilidad especial le permite marcar al jugador la última posición del jugador como impacto seguro si este no se mueve\nSu pilar tiene 15 de vida, pero es vulnerable al daño explosivo\nSu ataque especial provoca el estado aturdimiento el cual impide que puedas atacar por 3 segundos (defensoras se ven afectada)\nEl ataque especial no provoca daño a las defensoras","Elite unit that raises a pillar to strike from above. Her special ability targets the player's last position if they remain still.\nHer pillar has 15 health but is weak to explosive damage.\nHer special stun prevents attacking for 3 seconds (defenders affected).\nHer special attack does not damage defenders.","Unidade de elite que ergue um pilar para atacar do alto. Sua habilidade especial marca a posição do jogador\nSeu pilar tem 15 de vida, vulnerável a dano explosivo\nSeu especial atordoa por 3 segundos\nO ataque especial não causa dano às defensoras","Unité d'élite érigeant un pilier pour attaquer d'en haut. Son attaque spéciale cible la dernière position du joueur\nSon pilier a 15 PV et craint les explosions\nSon attaque spéciale étourdit pendant 3 s\nL'attaque spéciale n'inflige pas de dégâts aux défenseuses","精英兵种可立起石柱从高处攻击，特殊技能锁定玩家静止时的最后位置\n石柱拥有15点生命值但极易受爆炸伤害\n特殊攻击造成3秒眩晕无法攻击（防守者同样受影响）\n特殊攻击不对防守者造成伤害","高所から攻撃するため柱を立てる精鋭兵士。静止しているプレイヤーの位置を狙い撃つ特殊技を持つ\n柱はHP15だが爆破ダメージに弱い\n特殊攻撃は3秒間のスタン状態を付与（防衛者も影響あり）\n特殊攻撃は防衛者にダメージを与えない","Элитный боец, воздвигает колонну для атаки с высоты; её способность метит игрока при неподвижности\nКолонна имеет 15 HP, уязвима для взрывов\nОглушает на 3 секунды\nСпецатака не наносит урона защитницам","Elite-Einheit, die eine Säule errichtet, um von oben anzugreifen; zielt auf die letzte Position stillstehender Spieler\nIhre Säule hat 15 Leben, anfällig für Explosionen\nBetäubt 3 Sekunden lang\nDer Spezialangriff schadet den Verteidigerinnen nicht","높은 곳에서 공격하기 위해 기둥을 세우는 엘리트 유닛입니다. 정지 상태인 플레이어의 위치를 조준하는 특수 능력을 지녔습니다\n기둥은 체력 15이며 폭발에 취약합니다\n특수 공격은 3초간 기절 상태를 유발합니다\n특수 공격은 방어자에게 피해를 주지 않습니다","Unità d'élite che erige un pilastro per colpire dall'alto; bersaglia la posizione del giocatore immobile\nIl pilastro ha 15 PV, vulnerabile alle esplosioni\nIl suo attacco speciale stordisce per 3 secondi\nL'attacco speciale non danneggia le difensore","Elitarna jednostka wznosząca filar, by atakować z góry; jej umiejętność trafia nieruchomego gracza\nJej filar ma 15 PZ, podatny na wybuchy\nJej atak ogłusza na 3 sekundy\nAtak specjalny nie zadaje obrażeń obrończyniom","وحدة نخبة ترفع عموداً للهجوم من الأعلى، وتستهدف مهاراتها الخاصة موقع اللاعب إن لم يتحرك\nالعمود لديه 15 صحة لكنه يتأثر بالانفجارات\nهجومها الخاص يسبب الشلل لمدة 3 ثوانٍ\nالهجوم الخاص لا يلحق ضرراً بالمدافعات","Hawamanta t'oqyachinapaq pirqata hatarichiq sumaq runa, sayachkaq runapa k'itinmanmi ch'utan\nPirqanqa 15 kawsayniyuqmi, t'oqyaykunawanqa usqhayllam thunichikun\n3 chinlipas mana t'oqyachiy atiyta ruran\nManam hark'aqkunata k'irinchu",01001100 01101111 01101110 01101011 01101111
OPTIMIZANDO_SHADERS,Optimizando shaders y efectos...,Optimizing shaders and effects...,Otimizando shaders e efeitos...,Optimisation des shaders et des effets...,正在优化着色器与特效...,シェーダーとエフェクトを最適化中...,Оптимизация шейдеров и эффектов...,Optimiere Shader und Effekte...,셰이더 및 효과 최적화 중...,Ottimizzazione di shader ed effetti...,Optymalizacja shaderów i efektów...,تحسين التظليل والتأثيرات...,Shaderkunata allinchachkan...,01010011 01101000 01100001 01100100 01100101 01110010
PERRENA_PROMPT_HABLAR,Hablar,Talk,,,,,,,,,,,,
PERRENA_OPCION_ASALTO,Plan de asalto,Assault plan,,,,,,,,,,,,
PERRENA_OPCION_CIVILES,Sobre los civiles,About the civilians,,,,,,,,,,,,
PERRENA_OPCION_CONSEJOS,Consejos,Advice,,,,,,,,,,,,
PERRENA_ASALTO_1,Viajaremos por el río para evitar ser emboscadas,We will travel along the river to avoid being ambushed,,,,,,,,,,,,
PERRENA_ASALTO_2,Si partimos de inmediato los golpearemos sin que puedan reaccionar,If we leave at once we will strike them before they can react,,,,,,,,,,,,
PERRENA_ASALTO_3,"Si podemos eliminar a algunos de esos bastardos sería genial, pero lo que más me interesa son sus pertrechos: necesitamos toda la munición que podamos llevar","If we can take out some of those bastards it would be great, but what interests me most are their supplies: we need all the ammunition we can carry",,,,,,,,,,,,
PERRENA_ASALTO_4,"Dirás toda la carne que podamos llevar, no se puede luchar con el estómago vacío…","You mean all the meat we can carry, no one can fight on an empty stomach…",,,,,,,,,,,,
PERRENA_CIVILES_1,"Algunos miembros del gremio de comerciantes quedaron atrapados en la zona de guerra, los reconocerás por sus turbantes y grandes mochilas: debemos evitar lastimarlos","Some members of the merchants guild are trapped in the war zone, you will recognize them by their turbans and large backpacks: we must avoid hurting them",,,,,,,,,,,,
PERRENA_CIVILES_2,El gremio sabe devolver los favores,The guild knows how to return favors,,,,,,,,,,,,
PERRENA_CONSEJO_1,"Si te ves atacado por un oso no te hagas el muerto, no funciona","If a bear attacks you, don't play dead: it doesn't work",,,,,,,,,,,,
PERRENA_CONSEJO_2,"Si sientes un bulto extraño al palparte los testículos deberías visitar a un médico","If you feel a strange lump when checking your testicles, you should see a doctor",,,,,,,,,,,,
PERRENA_CONSEJO_3,"Si te pierdes prioriza un refugio antes que comida, la intemperie te matará antes que el hambre","If you get lost, prioritize shelter over food: exposure will kill you before hunger does",,,,,,,,,,,,
PERRENA_CONSEJO_4,"Si quieres mantener tu piel joven evita fumar, eso consume tu colágeno","If you want to keep your skin young, avoid smoking: it depletes your collagen",,,,,,,,,,,,
PERRENA_CONSEJO_5,"Nunca respondas mensajes de tipos que te pidan dibujar su cómic a cambio de fama sin pagarte nada","Never reply to messages from guys who ask you to draw their comic for fame without paying you anything",,,,,,,,,,,,
PERRENA_CONSEJO_6,"Si tienes los recursos y tiempo adopta un perro, son fuentes de amor infinito","If you have the resources and time, adopt a dog: they are sources of infinite love",,,,,,,,,,,,
PERRENA_CONSEJO_7,"Si vas al casino apuéstale todo al rojo, es lo que yo haría…","If you go to the casino, bet it all on red: that is what I would do…",,,,,,,,,,,,
PERRENA_CONSEJO_8,"Una buena espada tiene su centro de gravedad a unos pocos centímetros de la guarda, lo que permite moverla con agilidad","A good sword has its center of gravity a few centimeters from the guard, which lets you wield it with agility",,,,,,,,,,,,

